"Table with row headers in column A and column headers in rows 5, 58, 111, 164, 217, 270, 323, 376, 429, 482, 535, 588, 641, 694, 747, 800, 853, 906, 959, 1012, 1065, 1118, 1171, 1224, 1277, 1330, 1383, 1436, 1489, 1542, 1595, 1648, 1701, 1754, 1807, 1860, 1913, 1966, 2019, 2072, 2125, 2178, 2231, 2284, 2337, 2390, and 2443",,,
2024,,,
State,Total population,Number in poverty,Percent in poverty
Alabama,"5,042",822,16.3
Alaska,720,68,9.4
Arizona,"7,567",761,10.1
Arkansas,"3,011",398,13.2
California,"39,440","4,095",10.4
Colorado,"5,895",451,7.6
Connecticut,"3,658",332,9.1
Delaware,"1,044",87,8.3
District of Columbia,696,77,11.1
Florida,"23,460","2,687",11.5
Georgia,"11,120","1,408",12.7
Hawaii,"1,414",122,8.6
Idaho,"1,972",161,8.2
Illinois,"12,630","1,473",11.7
Indiana,"6,848",589,8.6
Iowa,"3,240",257,7.9
Kansas,"2,958",219,7.4
Kentucky,"4,575",712,15.6
Louisiana,"4,551",911,20.0
Maine,"1,396",102,7.3
Maryland,"6,230",449,7.2
Massachusetts,"7,067",626,8.9
Michigan,"10,010","1,143",11.4
Minnesota,"5,802",404,7.0
Mississippi,"2,917",521,17.9
Missouri,"6,267",592,9.4
Montana,"1,140",87,7.7
Nebraska,"1,994",135,6.8
Nevada,"3,296",396,12.0
New Hampshire,"1,381",82,5.9
New Jersey,"9,350",903,9.7
New Mexico,"2,120",301,14.2
New York,"19,560","2,159",11.0
North Carolina,"10,860","1,537",14.2
North Dakota,773,65,8.4
Ohio,"11,630","1,211",10.4
Oklahoma,"3,962",456,11.5
Oregon,"4,229",371,8.8
Pennsylvania,"12,850","1,223",9.5
Rhode Island,"1,116",117,10.5
South Carolina,"5,492",612,11.1
South Dakota,909,83,9.1
Tennessee,"7,108",651,9.2
Texas,"31,020","3,435",11.1
Utah,"3,501",263,7.5
Vermont,642,46,7.2
Virginia,"8,685",704,8.1
Washington,"7,985",784,9.8
West Virginia,"1,718",225,13.1
Wisconsin,"5,840",522,8.9
Wyoming,575,44,7.7
2023,,,
State,Total population,Number in poverty,Percent in poverty
Alabama,"4,995",711,14.2
Alaska,717,72,10.1
Arizona,"7,210",861,11.9
Arkansas,"3,011",416,13.8
California,"38,550","4,568",11.9
Colorado,"5,876",498,8.5
Connecticut,"3,620",301,8.3
Delaware,"1,034",81,7.8
District of Columbia,677,86,12.7
Florida,"22,630","2,622",11.6
Georgia,"11,040","1,427",12.9
Hawaii,"1,415",116,8.2
Idaho,"1,957",178,9.1
Illinois,"12,540","1,224",9.8
Indiana,"6,832",566,8.3
Iowa,"3,191",254,8.0
Kansas,"2,889",254,8.8
Kentucky,"4,445",603,13.6
Louisiana,"4,482",964,21.5
Maine,"1,392",103,7.4
Maryland,"6,197",550,8.9
Massachusetts,"6,925",632,9.1
Michigan,"9,936","1,199",12.1
Minnesota,"5,779",417,7.2
Mississippi,"2,896",462,16.0
Missouri,"6,070",590,9.7
Montana,"1,132",92,8.1
Nebraska,"1,966",181,9.2
Nevada,"3,234",449,13.9
New Hampshire,"1,365",83,6.1
New Jersey,"9,240",827,9.0
New Mexico,"2,082",361,17.3
New York,"19,240","2,122",11.0
North Carolina,"10,810","1,470",13.6
North Dakota,782,77,9.9
Ohio,"11,570","1,289",11.1
Oklahoma,"3,942",508,12.9
Oregon,"4,233",435,10.3
Pennsylvania,"12,630","1,301",10.3
Rhode Island,"1,065",95,8.9
South Carolina,"5,361",629,11.7
South Dakota,890,67,7.5
Tennessee,"7,093",757,10.7
Texas,"30,260","3,709",12.3
Utah,"3,404",214,6.3
Vermont,635,43,6.7
Virginia,"8,649",815,9.4
Washington,"7,888",689,8.7
West Virginia,"1,744",232,13.3
Wisconsin,"5,750",535,9.3
Wyoming,571,54,9.4
2022,,,
State,Total population,Number in poverty,Percent in poverty
Alabama,"4,990",681,13.6
Alaska,708,68,9.6
Arizona,"7,239",920,12.7
Arkansas,"2,993",496,16.6
California,"38,690","4,346",11.2
Colorado,"5,732",465,8.1
Connecticut,"3,602",368,10.2
Delaware,"1,035",97,9.3
District of Columbia,654,88,13.4
Florida,"22,190","2,988",13.5
Georgia,"10,920","1,280",11.7
Hawaii,"1,423",126,8.8
Idaho,"1,947",159,8.2
Illinois,"12,350","1,173",9.5
Indiana,"6,792",704,10.4
Iowa,"3,183",299,9.4
Kansas,"2,846",298,10.5
Kentucky,"4,453",763,17.1
Louisiana,"4,519",761,16.9
Maine,"1,381",133,9.6
Maryland,"6,202",535,8.6
Massachusetts,"6,860",658,9.6
Michigan,"9,961","1,206",12.1
Minnesota,"5,626",427,7.6
Mississippi,"2,881",531,18.4
Missouri,"6,057",693,11.4
Montana,"1,119",117,10.4
Nebraska,"1,946",154,7.9
Nevada,"3,170",380,12.0
New Hampshire,"1,385",115,8.3
New Jersey,"9,151",799,8.7
New Mexico,"2,113",427,20.2
New York,"19,490","2,480",12.7
North Carolina,"10,740","1,525",14.2
North Dakota,764,74,9.7
Ohio,"11,620","1,154",9.9
Oklahoma,"3,948",665,16.9
Oregon,"4,230",419,9.9
Pennsylvania,"12,740","1,383",10.9
Rhode Island,"1,069",90,8.4
South Carolina,"5,262",677,12.9
South Dakota,886,80,9.1
Tennessee,"7,010",736,10.5
Texas,"29,920","4,031",13.5
Utah,"3,338",200,6.0
Vermont,641,58,9.0
Virginia,"8,489",704,8.3
Washington,"7,705",696,9.0
West Virginia,"1,746",270,15.5
Wisconsin,"5,807",386,6.6
Wyoming,562,40,7.1
2021,,,
State,Total population,Number in poverty,Percent in poverty
Alabama,"4,961",787,15.9
Alaska,712,81,11.4
Arizona,"7,303",922,12.6
Arkansas,"2,981",502,16.8
California,"38,770","4,615",11.9
Colorado,"5,724",455,7.9
Connecticut,"3,553",285,8.0
Delaware,996,117,11.7
District of Columbia,650,91,14.0
Florida,"21,650","2,721",12.6
Georgia,"10,670","1,490",14.0
Hawaii,"1,427",156,10.9
Idaho,"1,905",177,9.3
Illinois,"12,460","1,339",10.7
Indiana,"6,778",704,10.4
Iowa,"3,182",309,9.7
Kansas,"2,891",206,7.1
Kentucky,"4,459",725,16.2
Louisiana,"4,519",830,18.4
Maine,"1,354",123,9.1
Maryland,"6,095",469,7.7
Massachusetts,"6,841",522,7.6
Michigan,"9,842","1,147",11.7
Minnesota,"5,532",382,6.9
Mississippi,"2,913",506,17.4
Missouri,"6,046",742,12.3
Montana,"1,114",120,10.7
Nebraska,"1,970",159,8.1
Nevada,"3,089",397,12.8
New Hampshire,"1,390",96,6.9
New Jersey,"9,220",698,7.6
New Mexico,"2,097",377,18.0
New York,"19,350","2,428",12.5
North Carolina,"10,600","1,249",11.8
North Dakota,760,65,8.5
Ohio,"11,740","1,364",11.6
Oklahoma,"3,904",589,15.1
Oregon,"4,220",389,9.2
Pennsylvania,"12,640","1,362",10.8
Rhode Island,"1,087",102,9.4
South Carolina,"5,214",713,13.7
South Dakota,884,74,8.4
Tennessee,"6,958",740,10.6
Texas,"29,390","3,977",13.5
Utah,"3,333",264,7.9
Vermont,631,47,7.5
Virginia,"8,489",831,9.8
Washington,"7,670",587,7.7
West Virginia,"1,754",296,16.9
Wisconsin,"5,910",551,9.3
Wyoming,568,53,9.4
2020 (2),,,
State,Total population,Number in poverty,Percent in poverty
Alabama,"5,001",744,14.9
Alaska,708,95,13.4
Arizona,"7,203",783,10.9
Arkansas,"2,974",420,14.1
California,"39,200","4,332",11.1
Colorado,"5,717",546,9.5
Connecticut,"3,545",396,11.2
Delaware,991,104,10.5
District of Columbia,680,114,16.8
Florida,"21,510","2,854",13.3
Georgia,"10,560","1,399",13.3
Hawaii,"1,427",155,10.9
Idaho,"1,862",170,9.1
Illinois,"12,640","1,010",8.0
Indiana,"6,685",807,12.1
Iowa,"3,163",290,9.2
Kansas,"2,891",267,9.3
Kentucky,"4,454",621,13.9
Louisiana,"4,545",704,15.5
Maine,"1,366",109,8.0
Maryland,"6,077",569,9.4
Massachusetts,"6,943",586,8.4
Michigan,"9,891","1,112",11.2
Minnesota,"5,602",476,8.5
Mississippi,"2,937",516,17.6
Missouri,"6,044",647,10.7
Montana,"1,080",118,10.9
Nebraska,"1,953",162,8.3
Nevada,"3,123",404,12.9
New Hampshire,"1,387",87,6.2
New Jersey,"9,119",744,8.2
New Mexico,"2,064",343,16.6
New York,"19,580","2,313",11.8
North Carolina,"10,410","1,441",13.8
North Dakota,761,81,10.7
Ohio,"11,700","1,487",12.7
Oklahoma,"3,885",604,15.5
Oregon,"4,114",387,9.4
Pennsylvania,"12,690","1,352",10.7
Rhode Island,"1,086",93,8.5
South Carolina,"5,110",684,13.4
South Dakota,878,102,11.6
Tennessee,"6,934",912,13.1
Texas,"28,920","4,057",14.0
Utah,"3,272",242,7.4
Vermont,639,55,8.6
Virginia,"8,501",663,7.8
Washington,"7,585",625,8.2
West Virginia,"1,760",249,14.2
Wisconsin,"5,836",466,8.0
Wyoming,561,55,9.7
2019,,,
State,Total population,Number in poverty,Percent in poverty
Alabama,"4,873",627,12.9
Alaska,701,72,10.2
Arizona,"7,285",725,9.9
Arkansas,"2,915",412,14.1
California,"39,370","3,980",10.1
Colorado,"5,768",535,9.3
Connecticut,"3,490",291,8.3
Delaware,971,63,6.5
District of Columbia,702,88,12.5
Florida,"21,400","2,455",11.5
Georgia,"10,350","1,249",12.1
Hawaii,"1,365",115,8.4
Idaho,"1,794",127,7.1
Illinois,"12,500","1,160",9.3
Indiana,"6,691",677,10.1
Iowa,"3,137",298,9.5
Kansas,"2,813",266,9.5
Kentucky,"4,399",599,13.6
Louisiana,"4,563",816,17.9
Maine,"1,340",140,10.4
Maryland,"6,067",424,7.0
Massachusetts,"6,897",521,7.5
Michigan,"9,901","1,007",10.2
Minnesota,"5,681",322,5.7
Mississippi,"2,911",560,19.2
Missouri,"6,063",568,9.4
Montana,"1,053",102,9.7
Nebraska,"1,885",165,8.7
Nevada,"3,105",323,10.4
New Hampshire,"1,351",49,3.7
New Jersey,"8,738",554,6.3
New Mexico,"2,058",315,15.3
New York,"19,070","2,382",12.5
North Carolina,"10,470","1,324",12.7
North Dakota,749,61,8.1
Ohio,"11,510","1,424",12.4
Oklahoma,"3,899",422,10.8
Oregon,"4,135",336,8.1
Pennsylvania,"12,550","1,092",8.7
Rhode Island,"1,047",96,9.2
South Carolina,"5,144",775,15.1
South Dakota,860,91,10.6
Tennessee,"6,721",879,13.1
Texas,"28,670","3,174",11.1
Utah,"3,232",236,7.3
Vermont,615,53,8.6
Virginia,"8,335",737,8.8
Washington,"7,549",527,7.0
West Virginia,"1,745",242,13.9
Wisconsin,"5,730",479,8.4
Wyoming,565,52,9.2
2018,,,
State,Total population,Number in poverty,Percent in poverty
Alabama,"4,877",779,16.0
Alaska,720,94,13.1
Arizona,"7,241",929,12.8
Arkansas,"2,912",462,15.9
California,"39,150","4,664",11.9
Colorado,"5,739",521,9.1
Connecticut,"3,413",348,10.2
Delaware,976,72,7.4
District of Columbia,692,102,14.7
Florida,"21,120","2,883",13.7
Georgia,"10,420","1,548",14.8
Hawaii,"1,393",128,9.2
Idaho,"1,766",202,11.5
Illinois,"12,590","1,292",10.3
Indiana,"6,582",761,11.6
Iowa,"3,110",277,8.9
Kansas,"2,835",212,7.5
Kentucky,"4,445",696,15.7
Louisiana,"4,510",858,19.0
Maine,"1,321",153,11.6
Maryland,"6,030",480,8.0
Massachusetts,"6,883",601,8.7
Michigan,"9,913","1,036",10.5
Minnesota,"5,746",456,7.9
Mississippi,"2,899",567,19.6
Missouri,"6,026",745,12.4
Montana,"1,041",107,10.3
Nebraska,"1,893",199,10.5
Nevada,"3,008",390,13.0
New Hampshire,"1,349",82,6.1
New Jersey,"8,790",725,8.2
New Mexico,"2,054",342,16.6
New York,"19,340","2,145",11.1
North Carolina,"10,370","1,355",13.1
North Dakota,745,72,9.7
Ohio,"11,450","1,365",11.9
Oklahoma,"3,858",518,13.4
Oregon,"4,172",404,9.7
Pennsylvania,"12,520","1,476",11.8
Rhode Island,"1,036",92,8.9
South Carolina,"5,036",642,12.8
South Dakota,853,90,10.6
Tennessee,"6,665",800,12.0
Texas,"28,500","3,894",13.7
Utah,"3,173",219,6.9
Vermont,616,60,9.7
Virginia,"8,393",821,9.8
Washington,"7,555",647,8.6
West Virginia,"1,762",279,15.9
Wisconsin,"5,795",499,8.6
Wyoming,565,53,9.5
2017 (3),,,
State,Total population,Number in poverty,Percent in poverty
Alabama,"4,801",735,15.3
Alaska,719,87,12.1
Arizona,"6,981",951,13.6
Arkansas,"2,921",436,14.9
California,"39,250","4,759",12.1
Colorado,"5,527",489,8.9
Connecticut,"3,553",377,10.6
Delaware,967,85,8.8
District of Columbia,691,96,13.9
Florida,"20,910","2,809",13.4
Georgia,"10,230","1,339",13.1
Hawaii,"1,402",149,10.6
Idaho,"1,730",199,11.5
Illinois,"12,600","1,454",11.5
Indiana,"6,532",762,11.7
Iowa,"3,053",230,7.5
Kansas,"2,868",411,14.3
Kentucky,"4,395",591,13.5
Louisiana,"4,535",931,20.5
Maine,"1,315",163,12.4
Maryland,"5,977",451,7.6
Massachusetts,"6,784",763,11.2
Michigan,"9,895","1,135",11.5
Minnesota,"5,619",479,8.5
Mississippi,"2,948",544,18.5
Missouri,"5,988",683,11.4
Montana,"1,041",107,10.3
Nebraska,"1,878",216,11.5
Nevada,"2,979",392,13.2
New Hampshire,"1,333",95,7.2
New Jersey,"9,015",894,9.9
New Mexico,"2,035",402,19.7
New York,"19,740","2,510",12.7
North Carolina,"10,300","1,567",15.2
North Dakota,740,92,12.4
Ohio,"11,490","1,479",12.9
Oklahoma,"3,817",490,12.8
Oregon,"4,202",482,11.5
Pennsylvania,"12,570","1,373",10.9
Rhode Island,"1,046",118,11.3
South Carolina,"4,955",756,15.2
South Dakota,870,93,10.7
Tennessee,"6,699",759,11.3
Texas,"28,090","3,715",13.2
Utah,"3,130",272,8.7
Vermont,613,53,8.6
Virginia,"8,242",862,10.5
Washington,"7,425",810,10.9
West Virginia,"1,793",306,17.1
Wisconsin,"5,809",537,9.2
Wyoming,560,73,13.0
2017,,,
State,Total population,Number in poverty,Percent in poverty
Alabama,"4,806",723,15.0
Alaska,717,103,14.4
Arizona,"6,990",926,13.2
Arkansas,"2,924",432,14.8
California,"39,240","4,872",12.4
Colorado,"5,527",427,7.7
Connecticut,"3,555",388,10.9
Delaware,967,89,9.2
District of Columbia,692,94,13.6
Florida,"20,890","2,864",13.7
Georgia,"10,230","1,356",13.3
Hawaii,"1,402",144,10.3
Idaho,"1,732",202,11.7
Illinois,"12,600","1,379",10.9
Indiana,"6,533",748,11.4
Iowa,"3,054",278,9.1
Kansas,"2,870",421,14.7
Kentucky,"4,401",633,14.4
Louisiana,"4,538",970,21.4
Maine,"1,317",158,12.0
Maryland,"5,967",467,7.8
Massachusetts,"6,796",724,10.6
Michigan,"9,889","1,259",12.7
Minnesota,"5,619",519,9.2
Mississippi,"2,947",538,18.3
Missouri,"5,979",666,11.1
Montana,"1,039",101,9.7
Nebraska,"1,875",194,10.4
Nevada,"2,982",409,13.7
New Hampshire,"1,334",88,6.6
New Jersey,"9,007",774,8.6
New Mexico,"2,040",380,18.6
New York,"19,730","2,641",13.4
North Carolina,"10,290","1,494",14.5
North Dakota,742,84,11.3
Ohio,"11,500","1,458",12.7
Oklahoma,"3,817",482,12.6
Oregon,"4,199",430,10.2
Pennsylvania,"12,570","1,411",11.2
Rhode Island,"1,045",127,12.2
South Carolina,"4,959",773,15.6
South Dakota,871,91,10.4
Tennessee,"6,699",769,11.5
Texas,"28,080","3,768",13.4
Utah,"3,127",269,8.6
Vermont,613,63,10.2
Virginia,"8,249",847,10.3
Washington,"7,431",736,9.9
West Virginia,"1,794",311,17.3
Wisconsin,"5,808",551,9.5
Wyoming,560,70,12.4
2016,,,
State,Total population,Number in poverty,Percent in poverty
Alabama,"4,821",782,16.2
Alaska,708,89,12.6
Arizona,"6,878","1,108",16.1
Arkansas,"2,941",471,16.0
California,"39,140","5,435",13.9
Colorado,"5,502",467,8.5
Connecticut,"3,567",351,9.8
Delaware,947,110,11.6
District of Columbia,685,112,16.3
Florida,"20,520","2,659",13.0
Georgia,"10,270","1,580",15.4
Hawaii,"1,392",129,9.3
Idaho,"1,679",187,11.1
Illinois,"12,580","1,517",12.1
Indiana,"6,493",768,11.8
Iowa,"3,099",302,9.8
Kansas,"2,859",321,11.2
Kentucky,"4,383",667,15.2
Louisiana,"4,573",923,20.2
Maine,"1,317",167,12.7
Maryland,"5,930",424,7.1
Massachusetts,"6,775",649,9.6
Michigan,"9,875","1,091",11.1
Minnesota,"5,430",470,8.7
Mississippi,"2,943",622,21.1
Missouri,"5,878",762,13.0
Montana,"1,031",121,11.7
Nebraska,"1,870",179,9.6
Nevada,"2,941",298,10.1
New Hampshire,"1,316",84,6.4
New Jersey,"8,836",828,9.4
New Mexico,"2,043",364,17.8
New York,"19,460","2,314",11.9
North Carolina,"10,060","1,363",13.6
North Dakota,749,83,11.1
Ohio,"11,440","1,573",13.7
Oklahoma,"3,911",571,14.6
Oregon,"4,124",486,11.8
Pennsylvania,"12,530","1,396",11.1
Rhode Island,"1,052",119,11.4
South Carolina,"4,898",690,14.1
South Dakota,855,124,14.5
Tennessee,"6,652",988,14.9
Texas,"27,660","3,812",13.8
Utah,"3,077",264,8.6
Vermont,622,60,9.6
Virginia,"8,163",929,11.4
Washington,"7,289",800,11.0
West Virginia,"1,808",326,18.0
Wisconsin,"5,764",620,10.7
Wyoming,571,62,10.9
2015,,,
State,Total population,Number in poverty,Percent in poverty
Alabama,"4,820",784,16.3
Alaska,703,65,9.2
Arizona,"6,728","1,156",17.2
Arkansas,"2,951",475,16.1
California,"39,080","5,441",13.9
Colorado,"5,420",538,9.9
Connecticut,"3,572",324,9.1
Delaware,958,106,11.1
District of Columbia,676,113,16.6
Florida,"20,070","3,253",16.2
Georgia,"10,100","1,833",18.1
Hawaii,"1,382",151,10.9
Idaho,"1,657",204,12.3
Illinois,"12,680","1,380",10.9
Indiana,"6,502",880,13.5
Iowa,"3,100",321,10.4
Kansas,"2,849",404,14.2
Kentucky,"4,365",851,19.5
Louisiana,"4,599",854,18.6
Maine,"1,340",165,12.3
Maryland,"5,892",566,9.6
Massachusetts,"6,777",782,11.5
Michigan,"9,852","1,259",12.8
Minnesota,"5,458",428,7.8
Mississippi,"2,947",563,19.1
Missouri,"5,946",582,9.8
Montana,"1,018",121,11.9
Nebraska,"1,858",192,10.3
Nevada,"2,864",371,13.0
New Hampshire,"1,293",94,7.3
New Jersey,"8,936","1,004",11.2
New Mexico,"2,036",400,19.7
New York,"19,650","2,791",14.2
North Carolina,"9,887","1,509",15.3
North Dakota,763,82,10.7
Ohio,"11,440","1,550",13.6
Oklahoma,"3,887",551,14.2
Oregon,"4,029",478,11.9
Pennsylvania,"12,560","1,542",12.3
Rhode Island,"1,044",123,11.8
South Carolina,"4,790",683,14.3
South Dakota,848,118,13.9
Tennessee,"6,605",973,14.7
Texas,"27,400","4,036",14.7
Utah,"3,004",279,9.3
Vermont,609,65,10.7
Virginia,"8,216",894,10.9
Washington,"7,193",819,11.4
West Virginia,"1,795",261,14.5
Wisconsin,"5,736",654,11.4
Wyoming,574,56,9.8
2014,,,
State,Total population,Number in poverty,Percent in poverty
Alabama,"4,765",848,17.8
Alaska,694,82,11.9
Arizona,"6,657","1,409",21.2
Arkansas,"2,891",532,18.4
California,"38,670","6,112",15.8
Colorado,"5,376",661,12.3
Connecticut,"3,577",308,8.6
Delaware,929,103,11.0
District of Columbia,657,125,19.0
Florida,"19,690","3,282",16.7
Georgia,"9,948","1,676",16.8
Hawaii,"1,365",147,10.8
Idaho,"1,606",199,12.4
Illinois,"12,770","1,756",13.7
Indiana,"6,470",948,14.6
Iowa,"3,078",317,10.3
Kansas,"2,851",345,12.1
Kentucky,"4,299",861,20.0
Louisiana,"4,550","1,049",23.1
Maine,"1,300",190,14.6
Maryland,"5,934",584,9.8
Massachusetts,"6,653",902,13.6
Michigan,"9,893","1,462",14.8
Minnesota,"5,417",447,8.3
Mississippi,"2,961",654,22.1
Missouri,"5,950",620,10.4
Montana,"1,008",121,12.0
Nebraska,"1,873",221,11.8
Nevada,"2,819",478,17.0
New Hampshire,"1,318",95,7.2
New Jersey,"8,938","1,013",11.3
New Mexico,"2,030",406,20.0
New York,"19,660","2,755",14.0
North Carolina,"9,823","1,678",17.1
North Dakota,731,71,9.7
Ohio,"11,510","1,792",15.6
Oklahoma,"3,728",647,17.3
Oregon,"3,955",570,14.4
Pennsylvania,"12,620","1,581",12.5
Rhode Island,"1,046",119,11.3
South Carolina,"4,764",788,16.5
South Dakota,846,109,12.8
Tennessee,"6,496","1,122",17.3
Texas,"26,680","4,364",16.4
Utah,"2,928",298,10.2
Vermont,615,57,9.3
Virginia,"8,257",842,10.2
Washington,"7,079",852,12.0
West Virginia,"1,822",376,20.6
Wisconsin,"5,742",628,10.9
Wyoming,572,55,9.7
2013 (4),,,
State,Total population,Number in poverty,Percent in poverty
Alabama,"4,807",891,18.5
Alaska,696,67,9.7
Arizona,"6,532","1,163",17.8
Arkansas,"2,852",395,13.9
California,"38,210","5,754",15.1
Colorado,"5,303",569,10.7
Connecticut,"3,637",396,10.9
Delaware,912,102,11.2
District of Columbia,647,150,23.2
Florida,"19,460","2,882",14.8
Georgia,"9,848","1,825",18.5
Hawaii,"1,338",142,10.6
Idaho,"1,610",200,12.4
Illinois,"12,650","1,720",13.6
Indiana,"6,557","1,083",16.5
Iowa,"3,076",405,13.2
Kansas,"2,760",315,11.4
Kentucky,"4,501",991,22.0
Louisiana,"4,534",963,21.2
Maine,"1,330",151,11.4
Maryland,"5,946",623,10.5
Massachusetts,"6,735",818,12.1
Michigan,"10,070","1,277",12.7
Minnesota,"5,349",589,11.0
Mississippi,"2,895",554,19.1
Missouri,"5,955","1,041",17.5
Montana,980,103,10.5
Nebraska,"1,868",196,10.5
Nevada,"2,774",401,14.5
New Hampshire,"1,301",71,5.5
New Jersey,"8,728",861,9.9
New Mexico,"2,079",535,25.8
New York,"19,340","3,337",17.3
North Carolina,"9,672","1,419",14.7
North Dakota,716,94,13.2
Ohio,"11,280","1,684",14.9
Oklahoma,"3,697",785,21.2
Oregon,"3,969",556,14.0
Pennsylvania,"12,800","1,432",11.2
Rhode Island,"1,032",96,9.3
South Carolina,"4,676",904,19.3
South Dakota,827,110,13.3
Tennessee,"6,272",972,15.5
Texas,"26,200","4,422",16.9
Utah,"2,923",357,12.2
Vermont,629,43,6.8
Virginia,"8,230",805,9.8
Washington,"6,877",836,12.2
West Virginia,"1,805",358,19.8
Wisconsin,"5,615",756,13.5
Wyoming,592,68,11.4
2013 (5),,,
State,Total population,Number in poverty,Percent in poverty
Alabama,"4,751",796,16.7
Alaska,696,76,10.9
Arizona,"6,645","1,345",20.2
Arkansas,"2,940",504,17.1
California,"38,050","5,675",14.9
Colorado,"5,289",560,10.6
Connecticut,"3,545",400,11.3
Delaware,907,127,14.0
District of Columbia,650,139,21.3
Florida,"19,370","2,888",14.9
Georgia,"9,787","1,592",16.3
Hawaii,"1,368",152,11.1
Idaho,"1,592",205,12.9
Illinois,"12,780","1,695",13.3
Indiana,"6,398",743,11.6
Iowa,"3,066",330,10.8
Kansas,"2,830",373,13.2
Kentucky,"4,360",871,20.0
Louisiana,"4,504",863,19.2
Maine,"1,310",161,12.3
Maryland,"5,933",611,10.3
Massachusetts,"6,570",784,11.9
Michigan,"9,840","1,428",14.5
Minnesota,"5,398",649,12.0
Mississippi,"2,918",657,22.5
Missouri,"5,997",824,13.7
Montana,998,145,14.5
Nebraska,"1,838",202,11.0
Nevada,"2,760",480,17.4
New Hampshire,"1,317",119,9.0
New Jersey,"8,842",984,11.1
New Mexico,"2,099",454,21.7
New York,"19,490","2,825",14.5
North Carolina,"9,619","1,793",18.6
North Dakota,711,71,9.9
Ohio,"11,470","1,571",13.7
Oklahoma,"3,708",518,14.0
Oregon,"3,934",593,15.1
Pennsylvania,"12,740","1,576",12.4
Rhode Island,"1,048",142,13.5
South Carolina,"4,679",745,15.9
South Dakota,833,85,10.3
Tennessee,"6,453","1,170",18.1
Texas,"26,380","4,425",16.8
Utah,"2,877",239,8.3
Vermont,619,54,8.7
Virginia,"8,174",854,10.4
Washington,"6,854",819,12.0
West Virginia,"1,823",315,17.3
Wisconsin,"5,625",618,11.0
Wyoming,578,68,11.8
2012,,,
State,Total population,Number in poverty,Percent in poverty
Alabama,"4,808",777,16.2
Alaska,702,70,10.0
Arizona,"6,642","1,260",19.0
Arkansas,"2,909",584,20.1
California,"37,910","6,015",15.9
Colorado,"5,153",613,11.9
Connecticut,"3,517",363,10.3
Delaware,900,121,13.5
District of Columbia,632,116,18.4
Florida,"19,170","2,926",15.3
Georgia,"9,665","1,752",18.1
Hawaii,"1,356",188,13.8
Idaho,"1,588",229,14.4
Illinois,"12,730","1,608",12.6
Indiana,"6,343",964,15.2
Iowa,"3,010",310,10.3
Kansas,"2,828",397,14.0
Kentucky,"4,342",776,17.9
Louisiana,"4,465",944,21.1
Maine,"1,330",170,12.8
Maryland,"5,892",585,9.9
Massachusetts,"6,566",743,11.3
Michigan,"9,731","1,331",13.7
Minnesota,"5,353",534,10.0
Mississippi,"2,893",636,22.0
Missouri,"5,956",905,15.2
Montana,999,134,13.4
Nebraska,"1,849",226,12.2
Nevada,"2,735",433,15.8
New Hampshire,"1,308",106,8.1
New Jersey,"8,720",814,9.3
New Mexico,"2,064",420,20.4
New York,"19,300","3,328",17.2
North Carolina,"9,634","1,652",17.2
North Dakota,692,79,11.4
Ohio,"11,400","1,751",15.4
Oklahoma,"3,700",668,18.0
Oregon,"3,872",523,13.5
Pennsylvania,"12,660","1,756",13.9
Rhode Island,"1,034",141,13.6
South Carolina,"4,667",779,16.7
South Dakota,822,106,12.8
Tennessee,"6,422","1,194",18.6
Texas,"26,060","4,444",17.0
Utah,"2,849",312,11.0
Vermont,615,69,11.2
Virginia,"7,994",850,10.6
Washington,"6,856",796,11.6
West Virginia,"1,803",301,16.7
Wisconsin,"5,628",640,11.4
Wyoming,577,56,9.6
2011,,,
State,Total population,Number in poverty,Percent in poverty
Alabama,"4,765",732,15.4
Alaska,712,83,11.7
Arizona,"6,547","1,128",17.2
Arkansas,"2,909",545,18.7
California,"37,590","6,352",16.9
Colorado,"5,016",661,13.2
Connecticut,"3,514",356,10.1
Delaware,902,123,13.7
District of Columbia,619,123,19.9
Florida,"18,990","2,822",14.9
Georgia,"9,681","1,783",18.4
Hawaii,"1,337",162,12.1
Idaho,"1,574",248,15.7
Illinois,"12,700","1,807",14.2
Indiana,"6,344",989,15.6
Iowa,"3,027",315,10.4
Kansas,"2,807",402,14.3
Kentucky,"4,302",689,16.0
Louisiana,"4,494",947,21.1
Maine,"1,328",178,13.4
Maryland,"5,806",537,9.3
Massachusetts,"6,514",688,10.6
Michigan,"9,689","1,449",15.0
Minnesota,"5,276",528,10.0
Mississippi,"2,932",510,17.4
Missouri,"5,892",910,15.4
Montana,986,163,16.5
Nebraska,"1,823",187,10.2
Nevada,"2,682",414,15.5
New Hampshire,"1,300",99,7.6
New Jersey,"8,642",988,11.4
New Mexico,"2,037",451,22.2
New York,"19,330","3,085",16.0
North Carolina,"9,504","1,459",15.4
North Dakota,675,67,9.9
Ohio,"11,310","1,708",15.1
Oklahoma,"3,763",522,13.9
Oregon,"3,850",553,14.4
Pennsylvania,"12,700","1,604",12.6
Rhode Island,"1,038",139,13.4
South Carolina,"4,605",874,19.0
South Dakota,808,117,14.5
Tennessee,"6,324","1,030",16.3
Texas,"25,550","4,458",17.4
Utah,"2,812",309,11.0
Vermont,615,71,11.6
Virginia,"7,971",907,11.4
Washington,"6,812",854,12.5
West Virginia,"1,820",318,17.5
Wisconsin,"5,676",743,13.1
Wyoming,562,60,10.7
2010 (6),,,
State,Total population,Number in poverty,Percent in poverty
Alabama,"4,717",812,17.2
Alaska,695,87,12.5
Arizona,"6,426","1,208",18.8
Arkansas,"2,879",440,15.3
California,"37,240","6,073",16.3
Colorado,"4,995",615,12.3
Connecticut,"3,541",303,8.6
Delaware,890,109,12.2
District of Columbia,604,118,19.5
Florida,"18,760","3,006",16.0
Georgia,"9,650","1,814",18.8
Hawaii,"1,311",162,12.4
Idaho,"1,543",213,13.8
Illinois,"12,780","1,798",14.1
Indiana,"6,390","1,041",16.3
Iowa,"2,977",307,10.3
Kansas,"2,766",400,14.5
Kentucky,"4,270",754,17.7
Louisiana,"4,418",949,21.5
Maine,"1,298",164,12.6
Maryland,"5,786",628,10.9
Massachusetts,"6,532",711,10.9
Michigan,"9,751","1,530",15.7
Minnesota,"5,217",563,10.8
Mississippi,"2,920",658,22.5
Missouri,"5,929",890,15.0
Montana,979,142,14.5
Nebraska,"1,804",184,10.2
Nevada,"2,696",446,16.6
New Hampshire,"1,294",84,6.5
New Jersey,"8,733",966,11.1
New Mexico,"2,033",372,18.3
New York,"19,120","3,062",16.0
North Carolina,"9,359","1,633",17.4
North Dakota,653,82,12.6
Ohio,"11,340","1,746",15.4
Oklahoma,"3,697",603,16.3
Oregon,"3,752",537,14.3
Pennsylvania,"12,530","1,535",12.2
Rhode Island,"1,042",146,14.0
South Carolina,"4,563",773,16.9
South Dakota,799,109,13.6
Tennessee,"6,315","1,052",16.7
Texas,"25,200","4,633",18.4
Utah,"2,768",278,10.0
Vermont,624,67,10.8
Virginia,"7,837",835,10.7
Washington,"6,713",779,11.6
West Virginia,"1,816",306,16.8
Wisconsin,"5,626",567,10.1
Wyoming,550,53,9.6
2009,,,
State,Total population,Number in poverty,Percent in poverty
Alabama,"4,655",770,16.6
Alaska,688,81,11.7
Arizona,"6,508","1,381",21.2
Arkansas,"2,846",538,18.9
California,"36,740","5,638",15.3
Colorado,"4,969",613,12.3
Connecticut,"3,472",292,8.4
Delaware,883,109,12.3
District of Columbia,595,107,17.9
Florida,"18,390","2,676",14.6
Georgia,"9,657","1,775",18.4
Hawaii,"1,250",156,12.5
Idaho,"1,524",209,13.7
Illinois,"12,760","1,690",13.2
Indiana,"6,342","1,023",16.1
Iowa,"2,987",319,10.7
Kansas,"2,737",374,13.7
Kentucky,"4,276",727,17.0
Louisiana,"4,450",636,14.3
Maine,"1,297",148,11.4
Maryland,"5,662",543,9.6
Massachusetts,"6,623",717,10.8
Michigan,"9,797","1,376",14.0
Minnesota,"5,200",576,11.1
Mississippi,"2,847",658,23.1
Missouri,"5,963",926,15.5
Montana,971,131,13.5
Nebraska,"1,778",176,9.9
Nevada,"2,629",343,13.0
New Hampshire,"1,313",103,7.8
New Jersey,"8,660",806,9.3
New Mexico,"1,971",381,19.3
New York,"19,160","3,018",15.8
North Carolina,"9,336","1,576",16.9
North Dakota,632,69,10.9
Ohio,"11,440","1,526",13.3
Oklahoma,"3,632",468,12.9
Oregon,"3,821",510,13.4
Pennsylvania,"12,400","1,376",11.1
Rhode Island,"1,030",134,13.0
South Carolina,"4,501",618,13.7
South Dakota,799,113,14.1
Tennessee,"6,240","1,031",16.5
Texas,"24,630","4,262",17.3
Utah,"2,794",270,9.7
Vermont,617,58,9.4
Virginia,"7,767",831,10.7
Washington,"6,697",781,11.7
West Virginia,"1,801",285,15.8
Wisconsin,"5,545",599,10.8
Wyoming,540,50,9.2
2008,,,
State,Total population,Number in poverty,Percent in poverty
Alabama,"4,716",675,14.3
Alaska,672,55,8.2
Arizona,"6,529","1,172",18.0
Arkansas,"2,822",431,15.3
California,"36,640","5,344",14.6
Colorado,"4,908",541,11.0
Connecticut,"3,433",276,8.1
Delaware,861,82,9.6
District of Columbia,590,98,16.5
Florida,"18,020","2,370",13.1
Georgia,"9,541","1,477",15.5
Hawaii,"1,255",125,9.9
Idaho,"1,515",185,12.2
Illinois,"12,690","1,564",12.3
Indiana,"6,288",901,14.3
Iowa,"2,986",285,9.5
Kansas,"2,716",346,12.7
Kentucky,"4,246",724,17.1
Louisiana,"4,326",788,18.2
Maine,"1,317",158,12.0
Maryland,"5,528",481,8.7
Massachusetts,"6,420",727,11.3
Michigan,"9,806","1,273",13.0
Minnesota,"5,120",506,9.9
Mississippi,"2,900",525,18.1
Missouri,"5,861",780,13.3
Montana,973,125,12.9
Nebraska,"1,774",188,10.6
Nevada,"2,581",278,10.8
New Hampshire,"1,300",91,7.0
New Jersey,"8,515",787,9.2
New Mexico,"1,977",381,19.3
New York,"19,310","2,734",14.2
North Carolina,"9,234","1,285",13.9
North Dakota,625,74,11.8
Ohio,"11,390","1,557",13.7
Oklahoma,"3,550",484,13.6
Oregon,"3,806",403,10.6
Pennsylvania,"12,180","1,335",11.0
Rhode Island,"1,042",132,12.7
South Carolina,"4,462",624,14.0
South Dakota,794,104,13.1
Tennessee,"6,163",924,15.0
Texas,"24,170","3,834",15.9
Utah,"2,754",209,7.6
Vermont,610,55,9.0
Virginia,"7,735",799,10.3
Washington,"6,526",680,10.4
West Virginia,"1,796",260,14.5
Wisconsin,"5,548",544,9.8
Wyoming,529,54,10.1
2007,,,
State,Total population,Number in poverty,Percent in poverty
Alabama,"4,566",662,14.5
Alaska,675,51,7.6
Arizona,"6,365",912,14.3
Arkansas,"2,803",387,13.8
California,"36,250","4,589",12.7
Colorado,"4,872",478,9.8
Connecticut,"3,471",309,8.9
Delaware,861,80,9.3
District of Columbia,580,104,18.0
Florida,"18,040","2,250",12.5
Georgia,"9,486","1,294",13.6
Hawaii,"1,264",94,7.5
Idaho,"1,501",149,9.9
Illinois,"12,680","1,262",10.0
Indiana,"6,258",740,11.8
Iowa,"2,965",264,8.9
Kansas,"2,720",319,11.7
Kentucky,"4,202",653,15.5
Louisiana,"4,186",673,16.1
Maine,"1,312",142,10.9
Maryland,"5,560",491,8.8
Massachusetts,"6,336",707,11.2
Michigan,"9,919","1,076",10.8
Minnesota,"5,188",482,9.3
Mississippi,"2,895",655,22.6
Missouri,"5,783",742,12.8
Montana,938,122,13.0
Nebraska,"1,751",174,9.9
Nevada,"2,566",250,9.7
New Hampshire,"1,312",76,5.8
New Jersey,"8,548",742,8.7
New Mexico,"1,941",271,14.0
New York,"19,020","2,757",14.5
North Carolina,"9,170","1,423",15.5
North Dakota,614,57,9.3
Ohio,"11,280","1,446",12.8
Oklahoma,"3,551",476,13.4
Oregon,"3,761",481,12.8
Pennsylvania,"12,300","1,273",10.4
Rhode Island,"1,042",99,9.5
South Carolina,"4,380",617,14.1
South Dakota,787,74,9.4
Tennessee,"6,137",906,14.8
Texas,"23,650","3,903",16.5
Utah,"2,651",255,9.6
Vermont,613,61,9.9
Virginia,"7,678",664,8.6
Washington,"6,503",661,10.2
West Virginia,"1,793",265,14.8
Wisconsin,"5,458",601,11.0
Wyoming,518,56,10.9
2006,,,
State,Total population,Number in poverty,Percent in poverty
Alabama,"4,532",650,14.3
Alaska,658,58,8.9
Arizona,"6,256",902,14.4
Arkansas,"2,748",487,17.7
California,"36,160","4,427",12.2
Colorado,"4,797",466,9.7
Connecticut,"3,457",275,8.0
Delaware,858,80,9.3
District of Columbia,569,104,18.3
Florida,"18,030","2,068",11.5
Georgia,"9,334","1,172",12.6
Hawaii,"1,254",116,9.2
Idaho,"1,472",141,9.5
Illinois,"12,630","1,338",10.6
Indiana,"6,334",674,10.6
Iowa,"2,913",301,10.3
Kansas,"2,719",349,12.8
Kentucky,"4,106",690,16.8
Louisiana,"4,206",713,17.0
Maine,"1,313",134,10.2
Maryland,"5,607",469,8.4
Massachusetts,"6,324",758,12.0
Michigan,"9,953","1,323",13.3
Minnesota,"5,145",422,8.2
Mississippi,"2,887",596,20.6
Missouri,"5,797",659,11.4
Montana,930,125,13.5
Nebraska,"1,765",180,10.2
Nevada,"2,530",241,9.5
New Hampshire,"1,308",71,5.4
New Jersey,"8,650",762,8.8
New Mexico,"1,939",328,16.9
New York,"19,020","2,668",14.0
North Carolina,"8,847","1,225",13.8
North Dakota,615,70,11.4
Ohio,"11,300","1,371",12.1
Oklahoma,"3,489",531,15.2
Oregon,"3,705",439,11.8
Pennsylvania,"12,330","1,397",11.3
Rhode Island,"1,054",110,10.5
South Carolina,"4,224",474,11.2
South Dakota,770,82,10.7
Tennessee,"5,916",879,14.9
Texas,"23,210","3,816",16.4
Utah,"2,536",235,9.3
Vermont,618,48,7.8
Virginia,"7,532",651,8.6
Washington,"6,310",502,8.0
West Virginia,"1,810",277,15.3
Wisconsin,"5,471",555,10.1
Wyoming,516,51,10.0
2005,,,
State,Total population,Number in poverty,Percent in poverty
Alabama,"4,501",750,16.7
Alaska,657,66,10.0
Arizona,"6,025",917,15.2
Arkansas,"2,756",382,13.8
California,"35,840","4,716",13.2
Colorado,"4,629",530,11.4
Connecticut,"3,483",326,9.3
Delaware,842,78,9.2
District of Columbia,539,115,21.3
Florida,"17,850","1,975",11.1
Georgia,"9,014","1,298",14.4
Hawaii,"1,274",110,8.6
Idaho,"1,441",143,9.9
Illinois,"12,570","1,441",11.5
Indiana,"6,131",774,12.6
Iowa,"2,902",327,11.3
Kansas,"2,693",337,12.5
Kentucky,"4,049",599,14.8
Louisiana,"4,086",748,18.3
Maine,"1,314",166,12.6
Maryland,"5,560",542,9.7
Massachusetts,"6,318",641,10.1
Michigan,"9,964","1,196",12.0
Minnesota,"5,113",412,8.1
Mississippi,"2,843",571,20.1
Missouri,"5,697",659,11.6
Montana,926,128,13.8
Nebraska,"1,760",167,9.5
Nevada,"2,447",260,10.6
New Hampshire,"1,298",73,5.6
New Jersey,"8,692",592,6.8
New Mexico,"1,938",347,17.9
New York,"19,000","2,760",14.5
North Carolina,"8,538","1,115",13.1
North Dakota,625,70,11.2
Ohio,"11,310","1,392",12.3
Oklahoma,"3,486",543,15.6
Oregon,"3,619",436,12.0
Pennsylvania,"12,240","1,372",11.2
Rhode Island,"1,052",127,12.1
South Carolina,"4,164",626,15.0
South Dakota,765,90,11.8
Tennessee,"5,853",872,14.9
Texas,"22,780","3,681",16.2
Utah,"2,521",232,9.2
Vermont,621,47,7.6
Virginia,"7,442",684,9.2
Washington,"6,237",636,10.2
West Virginia,"1,795",276,15.4
Wisconsin,"5,440",553,10.2
Wyoming,509,54,10.6
2004 (7),,,
State,Total population,Number in poverty,Percent in poverty
Alabama,"4,508",762,16.9
Alaska,648,59,9.1
Arizona,"5,763",830,14.4
Arkansas,"2,723",412,15.1
California,"35,770","4,724",13.2
Colorado,"4,517",450,10.0
Connecticut,"3,487",352,10.1
Delaware,825,74,9.0
District of Columbia,545,93,17.0
Florida,"17,420","2,028",11.6
Georgia,"8,700","1,132",13.0
Hawaii,"1,244",106,8.6
Idaho,"1,372",136,9.9
Illinois,"12,560","1,546",12.3
Indiana,"6,121",712,11.6
Iowa,"2,901",316,10.9
Kansas,"2,669",304,11.4
Kentucky,"4,068",723,17.8
Louisiana,"4,419",744,16.8
Maine,"1,290",149,11.6
Maryland,"5,539",550,9.9
Massachusetts,"6,363",594,9.3
Michigan,"9,939","1,318",13.3
Minnesota,"5,120",356,7.0
Mississippi,"2,862",536,18.7
Missouri,"5,609",686,12.2
Montana,908,129,14.2
Nebraska,"1,724",163,9.5
Nevada,"2,385",260,10.9
New Hampshire,"1,291",71,5.5
New Jersey,"8,652",693,8.0
New Mexico,"1,899",314,16.5
New York,"19,010","2,847",15.0
North Carolina,"8,421","1,229",14.6
North Dakota,627,61,9.7
Ohio,"11,260","1,304",11.6
Oklahoma,"3,444",373,10.8
Oregon,"3,572",421,11.8
Pennsylvania,"12,140","1,383",11.4
Rhode Island,"1,055",122,11.5
South Carolina,"4,120",615,14.9
South Dakota,751,102,13.5
Tennessee,"5,846",932,15.9
Texas,"22,290","3,669",16.5
Utah,"2,390",241,10.1
Vermont,616,48,7.8
Virginia,"7,369",693,9.4
Washington,"6,116",700,11.4
West Virginia,"1,791",254,14.2
Wisconsin,"5,456",676,12.4
Wyoming,496,50,10.0
2003,,,
State,Total population,Number in poverty,Percent in poverty
Alabama,"4,417",663,15.0
Alaska,643,62,9.6
Arizona,"5,558",749,13.5
Arkansas,"2,670",474,17.8
California,"35,310","4,634",13.1
Colorado,"4,478",436,9.7
Connecticut,"3,417",278,8.1
Delaware,818,60,7.3
District of Columbia,550,92,16.8
Florida,"16,880","2,148",12.7
Georgia,"8,559","1,014",11.9
Hawaii,"1,250",117,9.3
Idaho,"1,356",138,10.2
Illinois,"12,620","1,592",12.6
Indiana,"6,130",610,9.9
Iowa,"2,916",260,8.9
Kansas,"2,676",288,10.8
Kentucky,"4,100",589,14.4
Louisiana,"4,422",750,17.0
Maine,"1,279",149,11.6
Maryland,"5,485",472,8.6
Massachusetts,"6,357",652,10.3
Michigan,"9,893","1,125",11.4
Minnesota,"5,075",376,7.4
Mississippi,"2,851",456,16.0
Missouri,"5,606",602,10.7
Montana,915,139,15.1
Nebraska,"1,725",168,9.8
Nevada,"2,242",244,10.9
New Hampshire,"1,263",73,5.8
New Jersey,"8,574",741,8.6
New Mexico,"1,867",338,18.1
New York,"18,920","2,707",14.3
North Carolina,"8,223","1,289",15.7
North Dakota,631,61,9.7
Ohio,"11,230","1,226",10.9
Oklahoma,"3,430",440,12.8
Oregon,"3,560",446,12.5
Pennsylvania,"12,140","1,279",10.5
Rhode Island,"1,051",121,11.5
South Carolina,"4,060",516,12.7
South Dakota,749,95,12.7
Tennessee,"5,901",829,14.0
Texas,"21,830","3,705",17.0
Utah,"2,346",213,9.1
Vermont,610,52,8.5
Virginia,"7,367",740,10.0
Washington,"6,078",766,12.6
West Virginia,"1,785",310,17.4
Wisconsin,"5,412",528,9.8
Wyoming,487,48,9.8
2002,,,
State,Total population,Number in poverty,Percent in poverty
Alabama,"4,432",640,14.5
Alaska,632,56,8.8
Arizona,"5,424",735,13.5
Arkansas,"2,690",532,19.8
California,"35,070","4,605",13.1
Colorado,"4,470",436,9.8
Connecticut,"3,377",279,8.3
Delaware,796,73,9.1
District of Columbia,570,97,17.0
Florida,"16,390","2,058",12.6
Georgia,"8,413",939,11.2
Hawaii,"1,219",138,11.3
Idaho,"1,296",147,11.3
Illinois,"12,500","1,594",12.8
Indiana,"6,086",552,9.1
Iowa,"2,899",267,9.2
Kansas,"2,681",269,10.1
Kentucky,"4,033",571,14.2
Louisiana,"4,445",777,17.5
Maine,"1,265",170,13.4
Maryland,"5,419",400,7.4
Massachusetts,"6,469",648,10.0
Michigan,"9,897","1,152",11.6
Minnesota,"5,044",325,6.5
Mississippi,"2,785",513,18.4
Missouri,"5,581",551,9.9
Montana,902,122,13.5
Nebraska,"1,700",181,10.6
Nevada,"2,114",188,8.9
New Hampshire,"1,264",73,5.8
New Jersey,"8,585",681,7.9
New Mexico,"1,837",328,17.9
New York,"19,220","2,690",14.0
North Carolina,"8,146","1,165",14.3
North Dakota,632,73,11.6
Ohio,"11,250","1,099",9.8
Oklahoma,"3,473",489,14.1
Oregon,"3,503",380,10.9
Pennsylvania,"12,170","1,152",9.5
Rhode Island,"1,055",116,11.0
South Carolina,"3,989",568,14.3
South Dakota,743,85,11.5
Tennessee,"5,655",839,14.8
Texas,"21,480","3,362",15.6
Utah,"2,308",228,9.9
Vermont,616,61,9.9
Virginia,"7,108",702,9.9
Washington,"5,988",657,11.0
West Virginia,"1,747",293,16.8
Wisconsin,"5,463",467,8.6
Wyoming,488,44,9.0
2001,,,
State,Total population,Number in poverty,Percent in poverty
Alabama,"4,378",696,15.9
Alaska,632,54,8.5
Arizona,"5,314",778,14.6
Arkansas,"2,650",472,17.8
California,"34,390","4,321",12.6
Colorado,"4,402",383,8.7
Connecticut,"3,385",249,7.3
Delaware,790,53,6.7
District of Columbia,554,101,18.2
Florida,"16,320","2,077",12.7
Georgia,"8,261","1,069",12.9
Hawaii,"1,205",138,11.4
Idaho,"1,314",151,11.5
Illinois,"12,310","1,249",10.1
Indiana,"6,030",511,8.5
Iowa,"2,858",212,7.4
Kansas,"2,635",267,10.1
Kentucky,"3,989",503,12.6
Louisiana,"4,372",709,16.2
Maine,"1,277",132,10.3
Maryland,"5,318",385,7.2
Massachusetts,"6,302",561,8.9
Michigan,"9,880",927,9.4
Minnesota,"4,910",361,7.4
Mississippi,"2,794",539,19.3
Missouri,"5,513",537,9.7
Montana,891,119,13.3
Nebraska,"1,680",158,9.4
Nevada,"2,129",152,7.1
New Hampshire,"1,254",81,6.5
New Jersey,"8,456",683,8.1
New Mexico,"1,795",323,18.0
New York,"18,780","2,664",14.2
North Carolina,"8,084","1,013",12.5
North Dakota,620,86,13.8
Ohio,"11,180","1,174",10.5
Oklahoma,"3,372",508,15.1
Oregon,"3,446",408,11.8
Pennsylvania,"12,090","1,158",9.6
Rhode Island,"1,043",100,9.6
South Carolina,"3,995",603,15.1
South Dakota,737,62,8.4
Tennessee,"5,670",802,14.1
Texas,"21,030","3,129",14.9
Utah,"2,257",238,10.5
Vermont,605,59,9.7
Virginia,"7,080",564,8.0
Washington,"5,920",634,10.7
West Virginia,"1,769",291,16.4
Wisconsin,"5,323",423,7.9
Wyoming,487,42,8.7
2000 (8),,,
State,Total population,Number in poverty,Percent in poverty
Alabama,"4,376",583,13.3
Alaska,620,47,7.6
Arizona,"5,181",607,11.7
Arkansas,"2,650",436,16.5
California,"33,890","4,294",12.7
Colorado,"4,334",425,9.8
Connecticut,"3,365",258,7.7
Delaware,777,65,8.4
District of Columbia,552,84,15.2
Florida,"15,990","1,754",11.0
Georgia,"8,112",982,12.1
Hawaii,"1,195",106,8.9
Idaho,"1,289",162,12.5
Illinois,"12,270","1,307",10.7
Indiana,"6,007",513,8.5
Iowa,"2,858",237,8.3
Kansas,"2,649",213,8.0
Kentucky,"3,995",502,12.6
Louisiana,"4,354",750,17.2
Maine,"1,267",128,10.1
Maryland,"5,241",386,7.4
Massachusetts,"6,284",618,9.8
Michigan,"9,813",967,9.9
Minnesota,"4,890",276,5.7
Mississippi,"2,794",418,14.9
Missouri,"5,517",505,9.2
Montana,888,126,14.1
Nebraska,"1,679",145,8.6
Nevada,"2,045",180,8.8
New Hampshire,"1,231",56,4.5
New Jersey,"8,384",612,7.3
New Mexico,"1,790",312,17.5
New York,"18,750","2,604",13.9
North Carolina,"7,983","1,000",12.5
North Dakota,622,65,10.4
Ohio,"11,160","1,117",10.0
Oklahoma,"3,378",503,14.9
Oregon,"3,415",371,10.9
Pennsylvania,"12,040","1,033",8.6
Rhode Island,"1,035",106,10.2
South Carolina,"3,964",441,11.1
South Dakota,737,79,10.7
Tennessee,"5,630",759,13.5
Texas,"20,700","3,204",15.5
Utah,"2,239",170,7.6
Vermont,599,60,10.0
Virginia,"6,977",577,8.3
Washington,"5,863",634,10.8
West Virginia,"1,773",261,14.7
Wisconsin,"5,308",493,9.3
Wyoming,485,52,10.8
1999 (9),,,
State,Total population,Number in poverty,Percent in poverty
Alabama,"4,388",668,15.2
Alaska,630,48,7.6
Arizona,"5,057",616,12.2
Arkansas,"2,616",384,14.7
California,"33,710","4,733",14.0
Colorado,"4,319",366,8.5
Connecticut,"3,418",246,7.2
Delaware,768,80,10.4
District of Columbia,545,80,14.7
Florida,"15,570","1,937",12.4
Georgia,"7,877","1,011",12.8
Hawaii,"1,225",133,10.8
Idaho,"1,240",175,14.1
Illinois,"12,250","1,215",9.9
Indiana,"5,914",396,6.7
Iowa,"2,856",210,7.4
Kansas,"2,605",320,12.3
Kentucky,"3,859",467,12.1
Louisiana,"4,289",823,19.2
Maine,"1,260",134,10.6
Maryland,"5,049",367,7.3
Massachusetts,"6,262",738,11.8
Michigan,"10,050",978,9.7
Minnesota,"4,868",354,7.3
Mississippi,"2,755",446,16.2
Missouri,"5,511",647,11.7
Montana,891,141,15.8
Nebraska,"1,683",184,11.0
Nevada,"2,033",229,11.3
New Hampshire,"1,255",96,7.6
New Jersey,"8,232",646,7.8
New Mexico,"1,831",383,20.9
New York,"18,860","2,676",14.2
North Carolina,"7,766","1,069",13.8
North Dakota,621,81,13.1
Ohio,"11,220","1,343",12.0
Oklahoma,"3,300",424,12.8
Oregon,"3,421",432,12.6
Pennsylvania,"11,950","1,117",9.3
Rhode Island,"1,033",103,10.0
South Carolina,"3,800",445,11.7
South Dakota,709,55,7.7
Tennessee,"5,583",662,11.9
Texas,"20,170","3,072",15.2
Utah,"2,194",126,5.7
Vermont,599,58,9.6
Virginia,"6,831",537,7.9
Washington,"5,698",545,9.6
West Virginia,"1,734",272,15.7
Wisconsin,"5,429",466,8.6
Wyoming,484,56,11.6
1998,,,
State,Total population,Number in poverty,Percent in poverty
Alabama,"4,190",609,14.5
Alaska,641,60,9.4
Arizona,"4,887",812,16.6
Arkansas,"2,559",377,14.7
California,"33,290","5,118",15.4
Colorado,"3,966",363,9.2
Connecticut,"3,275",310,9.5
Delaware,781,80,10.3
District of Columbia,510,114,22.3
Florida,"14,630","1,923",13.1
Georgia,"7,634","1,034",13.5
Hawaii,"1,201",131,10.9
Idaho,"1,273",165,13.0
Illinois,"12,260","1,234",10.1
Indiana,"5,830",547,9.4
Iowa,"2,834",257,9.1
Kansas,"2,615",250,9.6
Kentucky,"3,860",521,13.5
Louisiana,"4,305",821,19.1
Maine,"1,263",131,10.4
Maryland,"5,014",359,7.2
Massachusetts,"6,100",528,8.7
Michigan,"10,010","1,097",11.0
Minnesota,"4,815",498,10.3
Mississippi,"2,758",486,17.6
Missouri,"5,399",531,9.8
Montana,922,153,16.6
Nebraska,"1,713",211,12.3
Nevada,"1,845",195,10.6
New Hampshire,"1,216",119,9.8
New Jersey,"8,072",693,8.6
New Mexico,"1,823",371,20.4
New York,"18,370","3,068",16.7
North Carolina,"7,412","1,039",14.0
North Dakota,644,97,15.1
Ohio,"11,200","1,253",11.2
Oklahoma,"3,251",458,14.1
Oregon,"3,352",503,15.0
Pennsylvania,"11,890","1,338",11.3
Rhode Island,965,112,11.6
South Carolina,"3,851",527,13.7
South Dakota,710,77,10.8
Tennessee,"5,569",749,13.4
Texas,"19,890","2,994",15.1
Utah,"2,106",190,9.0
Vermont,592,58,9.9
Virginia,"6,679",589,8.8
Washington,"5,729",512,8.9
West Virginia,"1,748",312,17.8
Wisconsin,"5,127",449,8.8
Wyoming,484,51,10.6
1997,,,
State,Total population,Number in poverty,Percent in poverty
Alabama,"4,243",665,15.7
Alaska,640,56,8.8
Arizona,"4,643",797,17.2
Arkansas,"2,621",515,19.7
California,"32,880","5,459",16.6
Colorado,"3,921",320,8.2
Connecticut,"3,296",282,8.6
Delaware,749,72,9.6
District of Columbia,516,113,21.8
Florida,"14,350","2,056",14.3
Georgia,"7,631","1,109",14.5
Hawaii,"1,182",164,13.9
Idaho,"1,251",183,14.7
Illinois,"12,070","1,349",11.2
Indiana,"5,849",515,8.8
Iowa,"2,820",270,9.6
Kansas,"2,583",250,9.7
Kentucky,"3,913",623,15.9
Louisiana,"4,241",691,16.3
Maine,"1,222",124,10.1
Maryland,"5,043",422,8.4
Massachusetts,"5,991",732,12.2
Michigan,"9,783","1,006",10.3
Minnesota,"4,748",457,9.6
Mississippi,"2,731",455,16.7
Missouri,"5,315",627,11.8
Montana,892,139,15.6
Nebraska,"1,658",163,9.8
Nevada,"1,723",190,11.0
New Hampshire,"1,197",109,9.1
New Jersey,"7,967",737,9.3
New Mexico,"1,823",387,21.2
New York,"18,100","2,979",16.5
North Carolina,"7,345",839,11.4
North Dakota,638,87,13.6
Ohio,"11,210","1,231",11.0
Oklahoma,"3,321",456,13.7
Oregon,"3,284",382,11.6
Pennsylvania,"11,900","1,337",11.2
Rhode Island,943,120,12.7
South Carolina,"3,813",500,13.1
South Dakota,708,117,16.5
Tennessee,"5,536",791,14.3
Texas,"19,690","3,297",16.7
Utah,"2,085",185,8.9
Vermont,580,54,9.3
Virginia,"6,747",858,12.7
Washington,"5,735",529,9.2
West Virginia,"1,742",286,16.4
Wisconsin,"5,120",422,8.2
Wyoming,490,66,13.5
1996,,,
State,Total population,Number in poverty,Percent in poverty
Alabama,"4,258",595,14.0
Alaska,657,54,8.2
Arizona,"4,786",980,20.5
Arkansas,"2,606",449,17.2
California,"32,310","5,472",16.9
Colorado,"3,869",412,10.6
Connecticut,"3,341",392,11.7
Delaware,732,63,8.6
District of Columbia,538,130,24.1
Florida,"14,340","2,037",14.2
Georgia,"7,390","1,097",14.8
Hawaii,"1,172",142,12.1
Idaho,"1,185",140,11.9
Illinois,"11,810","1,429",12.1
Indiana,"5,681",428,7.5
Iowa,"2,898",279,9.6
Kansas,"2,569",287,11.2
Kentucky,"3,877",658,17.0
Louisiana,"4,263",873,20.5
Maine,"1,203",135,11.2
Maryland,"5,085",522,10.3
Massachusetts,"6,150",622,10.1
Michigan,"9,572","1,068",11.2
Minnesota,"4,690",458,9.8
Mississippi,"2,797",575,20.6
Missouri,"5,268",500,9.5
Montana,908,155,17.0
Nebraska,"1,666",169,10.2
Nevada,"1,634",133,8.1
New Hampshire,"1,142",73,6.4
New Jersey,"7,858",726,9.2
New Mexico,"1,847",472,25.5
New York,"18,350","3,058",16.7
North Carolina,"7,254",885,12.2
North Dakota,628,69,11.0
Ohio,"11,250","1,424",12.7
Oklahoma,"3,344",556,16.6
Oregon,"3,234",382,11.8
Pennsylvania,"11,890","1,374",11.6
Rhode Island,940,104,11.0
South Carolina,"3,698",482,13.0
South Dakota,701,82,11.8
Tennessee,"5,528",878,15.9
Texas,"19,180","3,180",16.6
Utah,"1,998",153,7.7
Vermont,586,74,12.6
Virginia,"6,481",795,12.3
Washington,"5,620",666,11.9
West Virginia,"1,745",323,18.5
Wisconsin,"5,205",460,8.8
Wyoming,486,58,11.9
1995 (10),,,
State,Total population,Number in poverty,Percent in poverty
Alabama,"4,396",882,20.1
Alaska,630,45,7.1
Arizona,"4,337",700,16.1
Arkansas,"2,532",376,14.9
California,"32,060","5,342",16.7
Colorado,"3,793",335,8.8
Connecticut,"3,276",318,9.7
Delaware,713,74,10.3
District of Columbia,551,122,22.2
Florida,"14,310","2,321",16.2
Georgia,"7,262",878,12.1
Hawaii,"1,187",122,10.3
Idaho,"1,154",167,14.5
Illinois,"11,760","1,459",12.4
Indiana,"5,673",545,9.6
Iowa,"2,894",352,12.2
Kansas,"2,535",273,10.8
Kentucky,"3,876",572,14.7
Louisiana,"4,306",849,19.7
Maine,"1,225",138,11.2
Maryland,"5,133",520,10.1
Massachusetts,"6,065",665,11.0
Michigan,"9,637","1,174",12.2
Minnesota,"4,628",427,9.2
Mississippi,"2,685",630,23.5
Missouri,"5,140",484,9.4
Montana,870,133,15.3
Nebraska,"1,648",159,9.6
Nevada,"1,558",173,11.1
New Hampshire,"1,139",60,5.3
New Jersey,"7,879",617,7.8
New Mexico,"1,806",457,25.3
New York,"18,260","3,020",16.5
North Carolina,"6,935",877,12.6
North Dakota,635,76,12.0
Ohio,"11,210","1,285",11.5
Oklahoma,"3,204",548,17.1
Oregon,"3,208",360,11.2
Pennsylvania,"12,030","1,464",12.2
Rhode Island,962,102,10.6
South Carolina,"3,741",744,19.9
South Dakota,713,103,14.5
Tennessee,"5,462",846,15.5
Texas,"18,760","3,270",17.4
Utah,"1,999",168,8.4
Vermont,593,61,10.3
Virginia,"6,371",648,10.2
Washington,"5,424",677,12.5
West Virginia,"1,793",300,16.7
Wisconsin,"5,300",449,8.5
Wyoming,482,59,12.2
1994 (11),,,
State,Total population,Number in poverty,Percent in poverty
Alabama,"4,299",704,16.4
Alaska,592,61,10.2
Arizona,"4,223",673,15.9
Arkansas,"2,414",369,15.3
California,"31,670","5,658",17.9
Colorado,"3,736",335,9.0
Connecticut,"3,192",344,10.8
Delaware,681,57,8.3
District of Columbia,607,129,21.2
Florida,"14,260","2,128",14.9
Georgia,"7,220","1,012",14.0
Hawaii,"1,106",97,8.7
Idaho,"1,138",137,12.0
Illinois,"11,810","1,464",12.4
Indiana,"5,967",816,13.7
Iowa,"2,815",302,10.7
Kansas,"2,522",375,14.9
Kentucky,"3,843",710,18.5
Louisiana,"4,351","1,117",25.7
Maine,"1,201",113,9.4
Maryland,"5,045",541,10.7
Massachusetts,"6,005",585,9.7
Michigan,"9,519","1,347",14.1
Minnesota,"4,486",523,11.7
Mississippi,"2,587",515,19.9
Missouri,"5,107",797,15.6
Montana,844,97,11.5
Nebraska,"1,648",146,8.8
Nevada,"1,521",168,11.1
New Hampshire,"1,131",87,7.7
New Jersey,"7,920",730,9.2
New Mexico,"1,685",356,21.1
New York,"18,210","3,097",17.0
North Carolina,"6,895",980,14.2
North Dakota,627,65,10.4
Ohio,"11,140","1,571",14.1
Oklahoma,"3,232",540,16.7
Oregon,"3,152",373,11.8
Pennsylvania,"11,970","1,496",12.5
Rhode Island,968,99,10.3
South Carolina,"3,633",501,13.8
South Dakota,737,107,14.5
Tennessee,"5,338",779,14.6
Texas,"18,890","3,603",19.1
Utah,"1,926",154,8.0
Vermont,589,45,7.6
Virginia,"6,616",710,10.7
Washington,"5,259",614,11.7
West Virginia,"1,804",336,18.6
Wisconsin,"5,003",453,9.0
Wyoming,485,45,9.3
1993 (12),,,
State,Total population,Number in poverty,Percent in poverty
Alabama,"4,168",725,17.4
Alaska,570,52,9.1
Arizona,"4,003",615,15.4
Arkansas,"2,421",484,20.0
California,"31,970","5,803",18.2
Colorado,"3,564",354,9.9
Connecticut,"3,259",277,8.5
Delaware,711,73,10.2
District of Columbia,597,158,26.4
Florida,"14,120","2,507",17.8
Georgia,"6,825",919,13.5
Hawaii,"1,135",91,8.0
Idaho,"1,145",150,13.1
Illinois,"11,730","1,600",13.6
Indiana,"5,751",704,12.2
Iowa,"2,809",290,10.3
Kansas,"2,496",327,13.1
Kentucky,"3,740",763,20.4
Louisiana,"4,246","1,119",26.4
Maine,"1,276",196,15.4
Maryland,"4,925",479,9.7
Massachusetts,"5,991",641,10.7
Michigan,"9,560","1,475",15.4
Minnesota,"4,354",506,11.6
Mississippi,"2,584",639,24.7
Missouri,"5,185",832,16.1
Montana,850,127,14.9
Nebraska,"1,641",169,10.3
Nevada,"1,444",141,9.8
New Hampshire,"1,131",112,9.9
New Jersey,"7,968",866,10.9
New Mexico,"1,623",282,17.4
New York,"18,220","2,981",16.4
North Carolina,"6,732",966,14.4
North Dakota,625,70,11.2
Ohio,"11,260","1,461",13.0
Oklahoma,"3,326",662,19.9
Oregon,"3,077",363,11.8
Pennsylvania,"12,070","1,598",13.2
Rhode Island,969,108,11.2
South Carolina,"3,630",678,18.7
South Dakota,717,102,14.2
Tennessee,"5,092",998,19.6
Texas,"18,270","3,177",17.4
Utah,"1,906",203,10.7
Vermont,588,59,10.0
Virginia,"6,470",627,9.7
Washington,"5,224",634,12.1
West Virginia,"1,803",400,22.2
Wisconsin,"5,033",636,12.6
Wyoming,481,64,13.3
1992 (13),,,
State,Total population,Number in poverty,Percent in poverty
Alabama,"4,226",729,17.3
Alaska,572,58,10.2
Arizona,"3,851",607,15.8
Arkansas,"2,463",430,17.5
California,"31,700","5,197",16.4
Colorado,"3,478",376,10.8
Connecticut,"3,272",321,9.8
Delaware,709,55,7.8
District of Columbia,591,120,20.3
Florida,"13,710","2,139",15.6
Georgia,"6,664","1,177",17.7
Hawaii,"1,187",133,11.2
Idaho,"1,095",166,15.2
Illinois,"11,890","1,857",15.6
Indiana,"5,622",661,11.8
Iowa,"2,846",328,11.5
Kansas,"2,510",279,11.1
Kentucky,"3,720",731,19.7
Louisiana,"4,256","1,043",24.5
Maine,"1,239",167,13.5
Maryland,"4,946",583,11.8
Massachusetts,"5,843",600,10.3
Michigan,"9,322","1,271",13.6
Minnesota,"4,318",561,13.0
Mississippi,"2,725",671,24.6
Missouri,"5,062",795,15.7
Montana,855,118,13.8
Nebraska,"1,606",169,10.6
Nevada,"1,353",199,14.7
New Hampshire,"1,114",97,8.7
New Jersey,"7,803",803,10.3
New Mexico,"1,611",348,21.6
New York,"17,980","2,820",15.7
North Carolina,"6,813","1,080",15.8
North Dakota,616,74,12.1
Ohio,"11,180","1,398",12.5
Oklahoma,"3,269",607,18.6
Oregon,"3,039",346,11.4
Pennsylvania,"12,020","1,425",11.9
Rhode Island,960,119,12.4
South Carolina,"3,675",697,19.0
South Dakota,705,106,15.1
Tennessee,"5,036",858,17.0
Texas,"17,920","3,282",18.3
Utah,"1,830",172,9.4
Vermont,582,61,10.5
Virginia,"6,241",592,9.5
Washington,"5,138",574,11.2
West Virginia,"1,795",401,22.3
Wisconsin,"5,118",560,10.9
Wyoming,475,49,10.3
1991 (14),,,
State,Total population,Number in poverty,Percent in poverty
Alabama,"4,178",786,18.8
Alaska,525,62,11.8
Arizona,"3,603",532,14.8
Arkansas,"2,450",425,17.3
California,"30,740","4,825",15.7
Colorado,"3,319",347,10.4
Connecticut,"3,341",287,8.6
Delaware,709,53,7.5
District of Columbia,530,98,18.6
Florida,"13,410","2,069",15.4
Georgia,"6,265","1,077",17.2
Hawaii,"1,164",90,7.7
Idaho,"1,035",144,13.9
Illinois,"11,800","1,598",13.5
Indiana,"5,533",866,15.7
Iowa,"2,821",271,9.6
Kansas,"2,580",317,12.3
Kentucky,"3,640",683,18.8
Louisiana,"4,185",795,19.0
Maine,"1,213",171,14.1
Maryland,"4,767",432,9.1
Massachusetts,"5,803",637,11.0
Michigan,"9,263","1,308",14.1
Minnesota,"4,384",564,12.9
Mississippi,"2,681",635,23.7
Missouri,"4,993",740,14.8
Montana,822,127,15.4
Nebraska,"1,661",157,9.5
Nevada,"1,237",141,11.4
New Hampshire,"1,107",81,7.3
New Jersey,"7,736",754,9.7
New Mexico,"1,554",349,22.4
New York,"17,910","2,736",15.3
North Carolina,"6,641",964,14.5
North Dakota,635,92,14.5
Ohio,"11,060","1,488",13.4
Oklahoma,"3,173",541,17.0
Oregon,"2,967",401,13.5
Pennsylvania,"12,150","1,340",11.0
Rhode Island,949,99,10.4
South Carolina,"3,538",582,16.4
South Dakota,689,96,14.0
Tennessee,"4,787",744,15.5
Texas,"16,960","2,965",17.5
Utah,"1,717",222,12.9
Vermont,579,73,12.6
Virginia,"6,144",608,9.9
Washington,"4,989",474,9.5
West Virginia,"1,830",327,17.9
Wisconsin,"4,952",492,9.9
Wyoming,470,47,9.9
1990,,,
State,Total population,Number in poverty,Percent in poverty
Alabama,"4,063",779,19.2
Alaska,499,57,11.4
Arizona,"3,521",484,13.7
Arkansas,"2,411",472,19.6
California,"29,770","4,128",13.9
Colorado,"3,367",461,13.7
Connecticut,"3,265",196,6.0
Delaware,690,48,6.9
District of Columbia,570,120,21.1
Florida,"13,180","1,896",14.4
Georgia,"6,349","1,001",15.8
Hawaii,"1,100",121,11.0
Idaho,"1,048",157,14.9
Illinois,"11,700","1,606",13.7
Indiana,"5,480",714,13.0
Iowa,"2,784",289,10.4
Kansas,"2,510",259,10.3
Kentucky,"3,620",628,17.3
Louisiana,"4,034",952,23.6
Maine,"1,231",162,13.1
Maryland,"4,727",468,9.9
Massachusetts,"5,832",626,10.7
Michigan,"9,187","1,315",14.3
Minnesota,"4,366",524,12.0
Mississippi,"2,663",684,25.7
Missouri,"5,238",700,13.4
Montana,820,134,16.3
Nebraska,"1,617",167,10.3
Nevada,"1,218",119,9.8
New Hampshire,"1,085",68,6.3
New Jersey,"7,741",711,9.2
New Mexico,"1,524",319,20.9
New York,"18,040","2,571",14.3
North Carolina,"6,377",829,13.0
North Dakota,635,87,13.7
Ohio,"10,890","1,256",11.5
Oklahoma,"3,091",481,15.6
Oregon,"2,891",267,9.2
Pennsylvania,"12,100","1,328",11.0
Rhode Island,946,71,7.5
South Carolina,"3,391",548,16.2
South Dakota,696,93,13.3
Tennessee,"4,927",833,16.9
Texas,"16,870","2,684",15.9
Utah,"1,739",143,8.2
Vermont,564,61,10.9
Virginia,"6,322",705,11.1
Washington,"4,880",434,8.9
West Virginia,"1,810",328,18.1
Wisconsin,"4,815",448,9.3
Wyoming,463,51,11.0
1989,,,
State,Total population,Number in poverty,Percent in poverty
Alabama,"4,074",770,18.9
Alaska,488,51,10.5
Arizona,"3,556",502,14.1
Arkansas,"2,419",442,18.3
California,"29,350","3,772",12.9
Colorado,"3,258",393,12.1
Connecticut,"3,136",90,2.9
Delaware,676,68,10.0
District of Columbia,569,102,18.0
Florida,"12,760","1,590",12.5
Georgia,"6,197",929,15.0
Hawaii,"1,086",122,11.3
Idaho,"1,014",126,12.4
Illinois,"11,560","1,470",12.7
Indiana,"5,453",749,13.7
Iowa,"2,835",291,10.3
Kansas,"2,434",262,10.8
Kentucky,"3,576",576,16.1
Louisiana,"4,080",950,23.3
Maine,"1,233",128,10.4
Maryland,"4,567",411,9.0
Massachusetts,"5,831",513,8.8
Michigan,"9,297","1,228",13.2
Minnesota,"4,268",478,11.2
Mississippi,"2,574",566,22.0
Missouri,"5,193",654,12.6
Montana,816,127,15.6
Nebraska,"1,602",204,12.8
Nevada,"1,127",121,10.8
New Hampshire,"1,100",84,7.7
New Jersey,"7,623",622,8.2
New Mexico,"1,519",297,19.5
New York,"17,940","2,254",12.6
North Carolina,"6,301",770,12.2
North Dakota,642,79,12.2
Ohio,"10,750","1,143",10.6
Oklahoma,"3,126",460,14.7
Oregon,"2,915",327,11.2
Pennsylvania,"12,140","1,261",10.4
Rhode Island,963,64,6.7
South Carolina,"3,446",585,17.0
South Dakota,696,92,13.2
Tennessee,"4,833",891,18.4
Texas,"16,890","2,880",17.1
Utah,"1,683",138,8.2
Vermont,556,44,8.0
Virginia,"6,159",671,10.9
Washington,"4,729",455,9.6
West Virginia,"1,799",283,15.7
Wisconsin,"4,694",393,8.4
Wyoming,462,50,10.9
1988 (15),,,
State,Total population,Number in poverty,Percent in poverty
Alabama,"4,015",775,19.3
Alaska,480,53,11.0
Arizona,"3,491",491,14.1
Arkansas,"2,446",527,21.6
California,"27,860","3,687",13.2
Colorado,"3,237",405,12.5
Connecticut,"3,199",128,4.0
Delaware,659,57,8.6
District of Columbia,579,88,15.2
Florida,"12,500","1,704",13.6
Georgia,"6,230",875,14.0
Hawaii,"1,051",117,11.1
Idaho,991,124,12.5
Illinois,"11,340","1,436",12.7
Indiana,"5,530",560,10.1
Iowa,"2,814",263,9.4
Kansas,"2,399",195,8.1
Kentucky,"3,605",634,17.6
Louisiana,"4,249",968,22.8
Maine,"1,201",159,13.2
Maryland,"4,650",457,9.8
Massachusetts,"5,861",497,8.5
Michigan,"9,223","1,112",12.1
Minnesota,"4,421",514,11.6
Mississippi,"2,588",704,27.2
Missouri,"5,201",662,12.7
Montana,795,116,14.6
Nebraska,"1,600",164,10.3
Nevada,"1,084",93,8.6
New Hampshire,"1,089",73,6.7
New Jersey,"7,628",475,6.2
New Mexico,"1,495",343,23.0
New York,"17,640","2,369",13.4
North Carolina,"6,312",796,12.6
North Dakota,654,76,11.6
Ohio,"10,900","1,356",12.4
Oklahoma,"3,146",543,17.3
Oregon,"2,727",285,10.4
Pennsylvania,"12,120","1,246",10.3
Rhode Island,"1,008",99,9.8
South Carolina,"3,405",528,15.5
South Dakota,707,101,14.2
Tennessee,"4,901",883,18.0
Texas,"16,690","3,006",18.0
Utah,"1,662",162,9.8
Vermont,532,43,8.1
Virginia,"5,970",647,10.8
Washington,"4,625",402,8.7
West Virginia,"1,880",337,17.9
Wisconsin,"4,696",364,7.8
Wyoming,454,43,9.6
1987 (15),,,
State,Total population,Number in poverty,Percent in poverty
Alabama,"3,989",851,21.3
Alaska,499,60,12.0
Arizona,"3,459",444,12.8
Arkansas,"2,468",537,21.8
California,"27,880","3,443",12.3
Colorado,"3,184",398,12.5
Connecticut,"3,127",207,6.6
Delaware,637,42,6.6
District of Columbia,587,88,14.9
Florida,"12,260","1,523",12.4
Georgia,"6,049",883,14.6
Hawaii,"1,086",95,8.8
Idaho,991,150,15.1
Illinois,"11,500","1,655",14.4
Indiana,"5,398",597,11.1
Iowa,"2,892",419,14.5
Kansas,"2,435",225,9.2
Kentucky,"3,666",634,17.3
Louisiana,"4,268","1,071",25.1
Maine,"1,144",134,11.7
Maryland,"4,558",420,9.2
Massachusetts,"5,845",477,8.2
Michigan,"8,973","1,095",12.2
Minnesota,"4,294",484,11.3
Mississippi,"2,553",637,25.0
Missouri,"5,100",716,14.0
Montana,798,144,18.0
Nebraska,"1,610",191,11.9
Nevada,"1,026",107,10.4
New Hampshire,"1,054",51,4.8
New Jersey,"7,503",626,8.3
New Mexico,"1,443",280,19.4
New York,"17,470","2,506",14.3
North Carolina,"6,183",853,13.8
North Dakota,655,75,11.4
Ohio,"10,800","1,375",12.7
Oklahoma,"3,209",547,17.0
Oregon,"2,709",384,14.2
Pennsylvania,"11,770","1,249",10.6
Rhode Island,974,79,8.1
South Carolina,"3,274",512,15.6
South Dakota,714,109,15.2
Tennessee,"4,679",792,16.9
Texas,"16,610","2,917",17.6
Utah,"1,689",173,10.2
Vermont,534,50,9.3
Virginia,"5,871",583,9.9
Washington,"4,489",450,10.0
West Virginia,"1,889",408,21.6
Wisconsin,"4,738",428,9.0
Wyoming,451,49,10.8
1986,,,
State,Total population,Number in poverty,Percent in poverty
Alabama,"4,025",959,23.8
Alaska,517,59,11.4
Arizona,"3,386",484,14.3
Arkansas,"2,342",499,21.3
California,"27,080","3,453",12.7
Colorado,"3,157",426,13.5
Connecticut,"3,125",186,6.0
Delaware,639,79,12.4
District of Columbia,602,77,12.8
Florida,"11,780","1,342",11.4
Georgia,"6,023",879,14.6
Hawaii,"1,024",109,10.7
Idaho,973,180,18.5
Illinois,"11,450","1,517",13.3
Indiana,"5,312",674,12.7
Iowa,"2,907",376,12.9
Kansas,"2,433",269,11.1
Kentucky,"3,560",630,17.7
Louisiana,"4,338",953,22.0
Maine,"1,127",115,10.2
Maryland,"4,504",414,9.2
Massachusetts,"5,846",538,9.2
Michigan,"9,112","1,267",13.9
Minnesota,"4,131",517,12.5
Mississippi,"2,610",695,26.6
Missouri,"4,998",722,14.4
Montana,823,136,16.5
Nebraska,"1,617",220,13.6
Nevada,"1,010",82,8.1
New Hampshire,"1,002",37,3.7
New Jersey,"7,624",679,8.9
New Mexico,"1,434",306,21.3
New York,"17,590","2,322",13.2
North Carolina,"6,178",884,14.3
North Dakota,651,88,13.5
Ohio,"10,700","1,372",12.8
Oklahoma,"3,184",469,14.7
Oregon,"2,702",332,12.3
Pennsylvania,"11,780","1,190",10.1
Rhode Island,953,87,9.1
South Carolina,"3,288",569,17.3
South Dakota,697,118,17.0
Tennessee,"4,650",853,18.3
Texas,"16,370","2,825",17.3
Utah,"1,659",209,12.6
Vermont,529,58,11.0
Virginia,"5,624",547,9.7
Washington,"4,369",563,12.9
West Virginia,"1,927",432,22.4
Wisconsin,"4,697",501,10.7
Wyoming,496,73,14.6
1985 (16),,,
State,Total population,Number in poverty,Percent in poverty
Alabama,"3,981",821,20.6
Alaska,510,45,8.7
Arizona,"3,227",345,10.7
Arkansas,"2,364",541,22.9
California,"26,460","3,596",13.6
Colorado,"3,176",324,10.2
Connecticut,"3,111",237,7.6
Delaware,624,71,11.4
District of Columbia,603,123,20.4
Florida,"11,540","1,551",13.4
Georgia,"5,867","1,037",17.7
Hawaii,"1,018",109,10.7
Idaho,996,159,16.0
Illinois,"11,740","1,830",15.6
Indiana,"5,302",639,12.0
Iowa,"2,815",505,17.9
Kansas,"2,395",331,13.8
Kentucky,"3,650",708,19.4
Louisiana,"4,322",781,18.1
Maine,"1,129",134,11.9
Maryland,"4,209",364,8.7
Massachusetts,"5,899",544,9.2
Michigan,"9,051","1,308",14.5
Minnesota,"4,146",523,12.6
Mississippi,"2,564",644,25.1
Missouri,"5,011",689,13.7
Montana,835,134,16.0
Nebraska,"1,589",235,14.8
Nevada,968,139,14.4
New Hampshire,988,59,6.0
New Jersey,"7,608",631,8.3
New Mexico,"1,447",267,18.5
New York,"17,670","2,796",15.8
North Carolina,"6,073",863,14.2
North Dakota,681,108,15.9
Ohio,"10,630","1,359",12.8
Oklahoma,"3,280",526,16.0
Oregon,"2,671",317,11.9
Pennsylvania,"11,550","1,217",10.5
Rhode Island,933,84,9.0
South Carolina,"3,219",489,15.2
South Dakota,689,119,17.3
Tennessee,"4,619",837,18.1
Texas,"16,230","2,582",15.9
Utah,"1,652",180,10.9
Vermont,524,48,9.2
Virginia,"5,567",558,10.0
Washington,"4,371",526,12.0
West Virginia,"1,894",423,22.3
Wisconsin,"4,693",544,11.6
Wyoming,506,61,12.0
1984 (17),,,
State,Total population,Number in poverty,Percent in poverty
Alabama,"3,875",738,19.1
Alaska,507,49,9.6
Arizona,"3,133",569,18.2
Arkansas,"2,364",564,23.9
California,"25,600","3,375",13.2
Colorado,"3,067",274,8.9
Connecticut,"3,152",218,6.9
Delaware,611,63,10.3
District of Columbia,607,128,21.1
Florida,"11,190","1,693",15.1
Georgia,"5,822",981,16.9
Hawaii,997,92,9.3
Idaho,992,171,17.3
Illinois,"11,650","1,753",15.0
Indiana,"5,419",697,12.9
Iowa,"2,876",419,14.6
Kansas,"2,420",260,10.7
Kentucky,"3,721",709,19.1
Louisiana,"4,304",888,20.6
Maine,"1,167",152,13.0
Maryland,"4,106",358,8.7
Massachusetts,"5,845",519,8.9
Michigan,"8,962","1,495",16.7
Minnesota,"4,164",381,9.1
Mississippi,"2,504",628,25.1
Missouri,"4,958",720,14.5
Montana,836,115,13.8
Nebraska,"1,608",213,13.3
Nevada,962,101,10.5
New Hampshire,958,68,7.1
New Jersey,"7,511",758,10.1
New Mexico,"1,437",280,19.5
New York,"17,560","2,806",16.0
North Carolina,"5,900",860,14.6
North Dakota,683,106,15.4
Ohio,"10,620","1,429",13.5
Oklahoma,"3,200",426,13.3
Oregon,"2,593",331,12.8
Pennsylvania,"11,720","1,825",15.6
Rhode Island,946,121,12.8
South Carolina,"3,258",561,17.2
South Dakota,691,100,14.5
Tennessee,"4,603",800,17.4
Texas,"15,640","2,448",15.7
Utah,"1,647",183,11.1
Vermont,514,65,12.6
Virginia,"5,563",554,10.0
Washington,"4,242",479,11.3
West Virginia,"1,922",392,20.4
Wisconsin,"4,698",730,15.5
Wyoming,488,53,10.9
1983,,,
State,Total population,Number in poverty,Percent in poverty
Alabama,"3,950",909,23.0
Alaska,486,61,12.6
Arizona,"2,875",469,16.3
Arkansas,"2,283",492,21.5
California,"25,170","3,755",14.9
Colorado,"3,083",390,12.6
Connecticut,"3,149",276,8.8
Delaware,602,52,8.6
District of Columbia,604,130,21.5
Florida,"10,850","1,595",14.7
Georgia,"5,581","1,050",18.8
Hawaii,998,129,12.9
Idaho,980,174,17.7
Illinois,"11,350","1,617",14.3
Indiana,"5,382",865,16.1
Iowa,"2,828",473,16.7
Kansas,"2,369",321,13.6
Kentucky,"3,752",670,17.9
Louisiana,"4,360",939,21.5
Maine,"1,157",144,12.4
Maryland,"4,112",358,8.7
Massachusetts,"5,731",443,7.7
Michigan,"9,056","1,518",16.8
Minnesota,"4,138",502,12.1
Mississippi,"2,481",669,27.0
Missouri,"4,837",807,16.7
Montana,810,125,15.4
Nebraska,"1,577",240,15.2
Nevada,885,86,9.7
New Hampshire,938,76,8.1
New Jersey,"7,451",828,11.1
New Mexico,"1,385",340,24.5
New York,"17,580","2,817",16.0
North Carolina,"5,890",933,15.8
North Dakota,685,103,15.0
Ohio,"10,680","1,434",13.4
Oklahoma,"3,259",553,17.0
Oregon,"2,597",419,16.1
Pennsylvania,"11,640","1,797",15.4
Rhode Island,971,141,14.5
South Carolina,"3,295",687,20.8
South Dakota,689,127,18.4
Tennessee,"4,663",933,20.0
Texas,"15,590","2,499",16.0
Utah,"1,591",214,13.5
Vermont,531,83,15.6
Virginia,"5,448",618,11.3
Washington,"4,274",460,10.8
West Virginia,"1,898",419,22.1
Wisconsin,"4,736",504,10.7
Wyoming,486,61,12.6
1982,,,
State,Total population,Number in poverty,Percent in poverty
Alabama,"3,937",849,21.6
Alaska,432,46,10.6
Arizona,"2,765",408,14.8
Arkansas,"2,219",527,23.8
California,"24,610","3,475",14.1
Colorado,"3,064",387,12.6
Connecticut,"3,126",254,8.1
Delaware,611,70,11.5
District of Columbia,609,117,19.3
Florida,"10,510","1,601",15.2
Georgia,"5,472","1,074",19.6
Hawaii,997,132,13.2
Idaho,967,151,15.6
Illinois,"11,280","1,512",13.4
Indiana,"5,415",683,12.6
Iowa,"2,770",371,13.4
Kansas,"2,365",247,10.4
Kentucky,"3,618",587,16.2
Louisiana,"4,299",976,22.7
Maine,"1,133",156,13.7
Maryland,"4,190",516,12.3
Massachusetts,"5,748",590,10.3
Michigan,"9,117","1,481",16.2
Minnesota,"4,120",546,13.3
Mississippi,"2,454",562,22.9
Missouri,"4,798",699,14.6
Montana,793,134,17.0
Nebraska,"1,582",216,13.6
Nevada,897,70,7.8
New Hampshire,943,97,10.3
New Jersey,"7,367",896,12.2
New Mexico,"1,355",303,22.4
New York,"17,660","2,607",14.8
North Carolina,"5,928","1,201",20.3
North Dakota,658,85,12.9
Ohio,"10,710","1,366",12.8
Oklahoma,"3,111",478,15.4
Oregon,"2,557",354,13.9
Pennsylvania,"11,620","1,572",13.5
Rhode Island,942,125,13.3
South Carolina,"3,301",701,21.2
South Dakota,677,114,16.8
Tennessee,"4,679","1,106",23.6
Texas,"15,150","2,450",16.2
Utah,"1,575",229,14.5
Vermont,519,67,12.9
Virginia,"5,329",668,12.5
Washington,"4,259",549,12.9
West Virginia,"1,951",484,24.8
Wisconsin,"4,733",452,9.5
Wyoming,481,58,12.0
1981 (18),,,
State,Total population,Number in poverty,Percent in poverty
Alabama,"3,878",935,24.1
Alaska,403,36,9.0
Arizona,"2,751",323,11.7
Arkansas,"2,247",541,24.1
California,"24,110","3,216",13.3
Colorado,"2,958",285,9.6
Connecticut,"3,084",254,8.2
Delaware,587,72,12.3
District of Columbia,612,111,18.1
Florida,"10,280","1,704",16.6
Georgia,"5,415",881,16.3
Hawaii,953,108,11.3
Idaho,962,171,17.7
Illinois,"11,340","1,371",12.1
Indiana,"5,431",685,12.6
Iowa,"2,815",368,13.1
Kansas,"2,282",267,11.7
Kentucky,"3,668",708,19.3
Louisiana,"4,262",938,22.0
Maine,"1,116",179,16.0
Maryland,"4,123",442,10.7
Massachusetts,"5,804",518,8.9
Michigan,"9,096","1,184",13.0
Minnesota,"4,034",438,10.9
Mississippi,"2,408",618,25.7
Missouri,"4,814",634,13.2
Montana,813,107,13.1
Nebraska,"1,579",221,14.0
Nevada,884,93,10.5
New Hampshire,929,70,7.6
New Jersey,"7,331",736,10.0
New Mexico,"1,303",243,18.6
New York,"17,470","2,516",14.4
North Carolina,"5,820","1,016",17.5
North Dakota,626,89,14.2
Ohio,"10,750","1,369",12.7
Oklahoma,"2,985",413,13.8
Oregon,"2,693",331,12.3
Pennsylvania,"11,740","1,367",11.6
Rhode Island,936,109,11.7
South Carolina,"3,347",615,18.4
South Dakota,675,132,19.5
Tennessee,"4,502",943,20.9
Texas,"14,640","2,258",15.4
Utah,"1,516",185,12.2
Vermont,535,66,12.3
Virginia,"5,257",662,12.6
Washington,"4,168",471,11.3
West Virginia,"2,003",398,19.9
Wisconsin,"4,741",384,8.1
Wyoming,482,43,8.9
1980,,,
State,Total population,Number in poverty,Percent in poverty
Alabama,"3,831",810,21.2
Alaska,379,36,9.6
Arizona,"2,774",354,12.8
Arkansas,"2,249",484,21.5
California,"23,750","2,619",11.0
Colorado,"2,869",247,8.6
Connecticut,"3,090",255,8.3
Delaware,578,68,11.8
District of Columbia,626,131,20.9
Florida,"10,100","1,692",16.7
Georgia,"5,243",727,13.9
Hawaii,954,81,8.5
Idaho,934,138,14.7
Illinois,"11,260","1,386",12.3
Indiana,"5,490",645,11.8
Iowa,"2,868",311,10.8
Kansas,"2,286",215,9.4
Kentucky,"3,641",701,19.3
Louisiana,"4,273",868,20.3
Maine,"1,077",158,14.6
Maryland,"4,104",389,9.5
Massachusetts,"5,725",542,9.5
Michigan,"9,227","1,194",12.9
Minnesota,"3,920",342,8.7
Mississippi,"2,429",591,24.3
Missouri,"4,800",625,13.0
Montana,774,102,13.2
Nebraska,"1,532",199,13.0
Nevada,840,70,8.3
New Hampshire,907,63,7.0
New Jersey,"7,316",659,9.0
New Mexico,"1,304",268,20.6
New York,"17,320","2,391",13.8
North Carolina,"5,836",877,15.0
North Dakota,640,99,15.5
Ohio,"10,630","1,046",9.8
Oklahoma,"2,916",406,13.9
Oregon,"2,684",309,11.5
Pennsylvania,"11,670","1,142",9.8
Rhode Island,911,97,10.7
South Carolina,"3,174",534,16.8
South Dakota,677,127,18.8
Tennessee,"4,519",884,19.6
Texas,"14,330","2,247",15.7
Utah,"1,488",148,10.0
Vermont,520,62,12.0
Virginia,"5,204",647,12.4
Washington,"4,223",538,12.7
West Virginia,"1,952",297,15.2
Wisconsin,"4,724",403,8.5
Wyoming,468,49,10.4
"Source: U.S. Census Bureau, Current Population Survey, 1960 to 2025 Annual Social and Economic Supplements (CPS ASEC).",,,
Footnotes are available at <www.census.gov/topics/income-poverty/poverty/guidance/poverty-footnotes/cps-historic-footnotes.html>.,,,